{"cameraMode":{"drawMode":0,"name":"Shaded","section":"Shading Mode"},"sceneLighting":false,"audioPlay":false,"sceneViewState":{"m_AlwaysRefresh":false,"showFog":true,"showSkybox":false,"showFlares":true,"showImageEffects":true,"showParticleSystems":true,"showVisualEffectGraphs":true,"m_FxEnabled":true},"in2DMode":false,"pivot":{"x":0.13808771967887879,"y":0.06485763937234879,"z":-0.19603951275348664},"rotation":{"x":0.12264241278171539,"y":-0.3370170593261719,"z":0.044433288276195529,"w":0.9324778914451599},"size":0.03021588921546936,"orthographic":false}