{"cameraMode":{"drawMode":0,"name":"Shaded","section":"Shading Mode"},"sceneLighting":false,"audioPlay":false,"sceneViewState":{"m_AlwaysRefresh":false,"showFog":true,"showSkybox":false,"showFlares":true,"showImageEffects":true,"showParticleSystems":true,"showVisualEffectGraphs":true,"m_FxEnabled":true},"in2DMode":false,"pivot":{"x":-0.37108683586120608,"y":0.62484210729599,"z":0.03844773769378662},"rotation":{"x":0.08138415217399597,"y":-0.7550380229949951,"z":0.09617390483617783,"w":0.6436034440994263},"size":1.660620927810669,"orthographic":false}