{"cameraMode":{"drawMode":0,"name":"Shaded","section":"Shading Mode"},"sceneLighting":false,"audioPlay":false,"sceneViewState":{"m_AlwaysRefresh":false,"showFog":true,"showSkybox":false,"showFlares":true,"showImageEffects":true,"showParticleSystems":true,"showVisualEffectGraphs":true,"m_FxEnabled":true},"in2DMode":false,"pivot":{"x":0.1122228354215622,"y":0.03881406784057617,"z":-0.19026333093643189},"rotation":{"x":0.09675765782594681,"y":-0.2728791832923889,"z":0.027697235345840455,"w":0.9568279981613159},"size":0.03021588921546936,"orthographic":false}