{"cameraMode":{"drawMode":0,"name":"Shaded","section":"Shading Mode"},"sceneLighting":true,"audioPlay":false,"sceneViewState":{"m_AlwaysRefresh":false,"showFog":true,"showSkybox":true,"showFlares":true,"showImageEffects":true,"showParticleSystems":true,"showVisualEffectGraphs":true,"m_FxEnabled":true},"in2DMode":false,"pivot":{"x":-0.8354170918464661,"y":-9.477412223815918,"z":-11.286089897155762},"rotation":{"x":-0.0034700515680015089,"y":-0.9625046253204346,"z":0.27136722207069399,"w":-0.010623757727444172},"size":13.60000228881836,"orthographic":false}