{"cameraMode":{"drawMode":0,"name":"Shaded","section":"Shading Mode"},"sceneLighting":true,"audioPlay":false,"sceneViewState":{"m_AlwaysRefresh":false,"showFog":true,"showSkybox":true,"showFlares":true,"showImageEffects":true,"showParticleSystems":true,"showVisualEffectGraphs":true,"m_FxEnabled":true},"in2DMode":false,"pivot":{"x":10.090836524963379,"y":1.7522646188735963,"z":-0.015338420867919922},"rotation":{"x":-0.02293984591960907,"y":-0.9364257454872131,"z":0.34479615092277529,"w":-0.061875417828559878},"size":1.0168733596801758,"orthographic":false}