{"cameraMode":{"drawMode":0,"name":"Shaded","section":"Shading Mode"},"sceneLighting":true,"audioPlay":false,"sceneViewState":{"m_AlwaysRefresh":false,"showFog":true,"showSkybox":true,"showFlares":true,"showImageEffects":true,"showParticleSystems":true,"showVisualEffectGraphs":true,"m_FxEnabled":true},"in2DMode":false,"pivot":{"x":10.558013916015625,"y":2.6106598377227785,"z":-2.43436861038208},"rotation":{"x":-0.16851095855236054,"y":0.07475016266107559,"z":-0.01282542571425438,"w":-0.9827972054481506},"size":0.1657981127500534,"orthographic":false}